,flux__value__sum_values,flux__value__median,flux__value__mean,flux__value__length,flux__value__standard_deviation,flux__value__variance,flux__value__root_mean_square,flux__value__maximum,flux__value__absolute_maximum,flux__value__minimum,flux_err__value__sum_values,flux_err__value__median,flux_err__value__mean,flux_err__value__length,flux_err__value__standard_deviation,flux_err__value__variance,flux_err__value__root_mean_square,flux_err__value__maximum,flux_err__value__absolute_maximum,flux_err__value__minimum,label,prob_class_0,prob_class_1,prob_positive,prediction
0,14.594686429174711,0.25764961929022867,0.18243358036468388,80.0,0.6570928187818575,0.4317709724946871,0.6819479333052961,1.127343431562334,1.127343431562334,-1.107387594436996,7.999999999999999,0.1,0.09999999999999999,80.0,1.3877787807814457e-17,1.925929944387236e-34,0.10000000000000002,0.1,0.1,0.1,0,0.3243822011274179,0.6756177988725821,0.6756177988725821,1
1,1.1870659339553102,0.03274039626775331,0.014838324174441378,80.0,0.7060134061189661,0.4984549296197042,0.7061693178579838,1.0941519163934905,1.1588239623998755,-1.1588239623998755,7.999999999999999,0.1,0.09999999999999999,80.0,1.3877787807814457e-17,1.925929944387236e-34,0.10000000000000002,0.1,0.1,0.1,1,0.3243822011274179,0.6756177988725821,0.6756177988725821,1
2,3.3044242777330988,0.05699411417283798,0.04130530347166374,80.0,0.7106388450718978,0.5050075681251208,0.7118382514448117,1.2777696522234532,1.2777696522234532,-1.1841634061927289,7.999999999999999,0.1,0.09999999999999999,80.0,1.3877787807814457e-17,1.925929944387236e-34,0.10000000000000002,0.1,0.1,0.1,0,0.3243822011274179,0.6756177988725821,0.6756177988725821,1
3,2.9555962710177246,0.07053468995265089,0.03694495338772156,80.0,0.722308573695568,0.5217296756341259,0.7232527948200039,1.182935410396777,1.1833071776384025,-1.1833071776384025,7.999999999999999,0.1,0.09999999999999999,80.0,1.3877787807814457e-17,1.925929944387236e-34,0.10000000000000002,0.1,0.1,0.1,1,0.3243822011274179,0.6756177988725821,0.6756177988725821,1
4,-0.7178648952052178,0.011187320029154652,-0.008973311190065222,80.0,0.7106029240819272,0.5049565157137852,0.7106595781578539,1.1235611491986366,1.1629948839595987,-1.1629948839595987,7.999999999999999,0.1,0.09999999999999999,80.0,1.3877787807814457e-17,1.925929944387236e-34,0.10000000000000002,0.1,0.1,0.1,0,0.3243822011274179,0.6756177988725821,0.6756177988725821,1
